run_id,uclamp_min,cluster,freq_khz,jiffies_before,jiffies_after,jiffies_delta
s2d-thr-r01,464,policy0_mid,384000,245744,245744,0
s2d-thr-r01,464,policy0_mid,556800,14768809,14768944,135
s2d-thr-r01,464,policy0_mid,748800,3803705,3803749,44
s2d-thr-r01,464,policy0_mid,960000,2526103,2526521,418
s2d-thr-r01,464,policy0_mid,1152000,1379316,1379413,97
s2d-thr-r01,464,policy0_mid,1363200,1482017,1482067,50
s2d-thr-r01,464,policy0_mid,1555200,713468,713511,43
s2d-thr-r01,464,policy0_mid,1785600,1054917,1054955,38
s2d-thr-r01,464,policy0_mid,1996800,700141,700170,29
s2d-thr-r01,464,policy0_mid,2227200,775012,775025,13
s2d-thr-r01,464,policy0_mid,2400000,2751630,2751922,292
s2d-thr-r01,464,policy0_mid,2745600,473742,474082,340
s2d-thr-r01,464,policy0_mid,2918400,1100968,1100999,31
s2d-thr-r01,464,policy0_mid,3072000,50848,50848,0
s2d-thr-r01,464,policy0_mid,3321600,3149,3149,0
s2d-thr-r01,464,policy0_mid,3532800,34285,34285,0
s2d-thr-r01,464,policy6_prime,1017600,29198243,29199759,1516
s2d-thr-r01,464,policy6_prime,1209600,77883,77883,0
s2d-thr-r01,464,policy6_prime,1401600,361557,361557,0
s2d-thr-r01,464,policy6_prime,1689600,107395,107395,0
s2d-thr-r01,464,policy6_prime,1958400,254883,254883,0
s2d-thr-r01,464,policy6_prime,2246400,93551,93551,0
s2d-thr-r01,464,policy6_prime,2438400,158763,158763,0
s2d-thr-r01,464,policy6_prime,2649600,168320,168320,0
s2d-thr-r01,464,policy6_prime,2841600,110298,110298,0
s2d-thr-r01,464,policy6_prime,3072000,79602,79602,0
s2d-thr-r01,464,policy6_prime,3283200,1133878,1133892,14
s2d-thr-r01,464,policy6_prime,3513600,42755,42755,0
s2d-thr-r01,464,policy6_prime,3801600,45233,45233,0
s2d-thr-r01,464,policy6_prime,4089600,1947,1947,0
s2d-thr-r01,464,policy6_prime,4204800,988,988,0
s2d-thr-r01,464,policy6_prime,4320000,28557,28557,0
s2d-thr-r02,448,policy0_mid,384000,245744,245744,0
s2d-thr-r02,448,policy0_mid,556800,14769799,14769960,161
s2d-thr-r02,448,policy0_mid,748800,3803887,3803931,44
s2d-thr-r02,448,policy0_mid,960000,2526604,2527012,408
s2d-thr-r02,448,policy0_mid,1152000,1379455,1379572,117
s2d-thr-r02,448,policy0_mid,1363200,1482095,1482144,49
s2d-thr-r02,448,policy0_mid,1555200,713535,713565,30
s2d-thr-r02,448,policy0_mid,1785600,1054972,1055002,30
s2d-thr-r02,448,policy0_mid,1996800,700186,700209,23
s2d-thr-r02,448,policy0_mid,2227200,775033,775048,15
s2d-thr-r02,448,policy0_mid,2400000,2752012,2752343,331
s2d-thr-r02,448,policy0_mid,2745600,474103,474392,289
s2d-thr-r02,448,policy0_mid,2918400,1101007,1101041,34
s2d-thr-r02,448,policy0_mid,3072000,50848,50848,0
s2d-thr-r02,448,policy0_mid,3321600,3149,3149,0
s2d-thr-r02,448,policy0_mid,3532800,34285,34285,0
s2d-thr-r02,448,policy6_prime,1017600,29201058,29202579,1521
s2d-thr-r02,448,policy6_prime,1209600,77883,77883,0
s2d-thr-r02,448,policy6_prime,1401600,361557,361557,0
s2d-thr-r02,448,policy6_prime,1689600,107395,107395,0
s2d-thr-r02,448,policy6_prime,1958400,254883,254883,0
s2d-thr-r02,448,policy6_prime,2246400,93551,93551,0
s2d-thr-r02,448,policy6_prime,2438400,158764,158766,2
s2d-thr-r02,448,policy6_prime,2649600,168320,168320,0
s2d-thr-r02,448,policy6_prime,2841600,110300,110300,0
s2d-thr-r02,448,policy6_prime,3072000,79604,79604,0
s2d-thr-r02,448,policy6_prime,3283200,1133919,1133929,10
s2d-thr-r02,448,policy6_prime,3513600,42755,42755,0
s2d-thr-r02,448,policy6_prime,3801600,45233,45233,0
s2d-thr-r02,448,policy6_prime,4089600,1947,1947,0
s2d-thr-r02,448,policy6_prime,4204800,988,988,0
s2d-thr-r02,448,policy6_prime,4320000,28557,28557,0
s2d-thr-r03,512,policy0_mid,384000,245744,245744,0
s2d-thr-r03,512,policy0_mid,556800,14770379,14771092,713
s2d-thr-r03,512,policy0_mid,748800,3804066,3804284,218
s2d-thr-r03,512,policy0_mid,960000,2527103,2527242,139
s2d-thr-r03,512,policy0_mid,1152000,1379654,1379720,66
s2d-thr-r03,512,policy0_mid,1363200,1482268,1482340,72
s2d-thr-r03,512,policy0_mid,1555200,713649,713687,38
s2d-thr-r03,512,policy0_mid,1785600,1055084,1055122,38
s2d-thr-r03,512,policy0_mid,1996800,700274,700319,45
s2d-thr-r03,512,policy0_mid,2227200,775106,775129,23
s2d-thr-r03,512,policy0_mid,2400000,2752469,2752582,113
s2d-thr-r03,512,policy0_mid,2745600,474409,474424,15
s2d-thr-r03,512,policy0_mid,2918400,1101074,1101126,52
s2d-thr-r03,512,policy0_mid,3072000,50851,50851,0
s2d-thr-r03,512,policy0_mid,3321600,3149,3149,0
s2d-thr-r03,512,policy0_mid,3532800,34285,34285,0
s2d-thr-r03,512,policy6_prime,1017600,29203825,29204919,1094
s2d-thr-r03,512,policy6_prime,1209600,77886,77887,1
s2d-thr-r03,512,policy6_prime,1401600,361558,361560,2
s2d-thr-r03,512,policy6_prime,1689600,107398,107401,3
s2d-thr-r03,512,policy6_prime,1958400,254886,254889,3
s2d-thr-r03,512,policy6_prime,2246400,93554,93555,1
s2d-thr-r03,512,policy6_prime,2438400,158767,158769,2
s2d-thr-r03,512,policy6_prime,2649600,168320,168343,23
s2d-thr-r03,512,policy6_prime,2841600,110300,110686,386
s2d-thr-r03,512,policy6_prime,3072000,79616,79616,0
s2d-thr-r03,512,policy6_prime,3283200,1133971,1133993,22
s2d-thr-r03,512,policy6_prime,3513600,42757,42757,0
s2d-thr-r03,512,policy6_prime,3801600,45233,45233,0
s2d-thr-r03,512,policy6_prime,4089600,1947,1947,0
s2d-thr-r03,512,policy6_prime,4204800,988,988,0
s2d-thr-r03,512,policy6_prime,4320000,28557,28557,0
s2d-thr-r04,0,policy0_mid,384000,245744,245744,0
s2d-thr-r04,0,policy0_mid,556800,14771966,14772659,693
s2d-thr-r04,0,policy0_mid,748800,3804418,3804810,392
s2d-thr-r04,0,policy0_mid,960000,2527317,2527484,167
s2d-thr-r04,0,policy0_mid,1152000,1379761,1379808,47
s2d-thr-r04,0,policy0_mid,1363200,1482363,1482392,29
s2d-thr-r04,0,policy0_mid,1555200,713699,713711,12
s2d-thr-r04,0,policy0_mid,1785600,1055136,1055165,29
s2d-thr-r04,0,policy0_mid,1996800,700336,700347,11
s2d-thr-r04,0,policy0_mid,2227200,775148,775168,20
s2d-thr-r04,0,policy0_mid,2400000,2752684,2752774,90
s2d-thr-r04,0,policy0_mid,2745600,474445,474460,15
s2d-thr-r04,0,policy0_mid,2918400,1101136,1101169,33
s2d-thr-r04,0,policy0_mid,3072000,50851,50851,0
s2d-thr-r04,0,policy0_mid,3321600,3149,3149,0
s2d-thr-r04,0,policy0_mid,3532800,34285,34285,0
s2d-thr-r04,0,policy6_prime,1017600,29206221,29207742,1521
s2d-thr-r04,0,policy6_prime,1209600,77887,77887,0
s2d-thr-r04,0,policy6_prime,1401600,361560,361560,0
s2d-thr-r04,0,policy6_prime,1689600,107401,107401,0
s2d-thr-r04,0,policy6_prime,1958400,254889,254891,2
s2d-thr-r04,0,policy6_prime,2246400,93555,93555,0
s2d-thr-r04,0,policy6_prime,2438400,158769,158769,0
s2d-thr-r04,0,policy6_prime,2649600,168343,168343,0
s2d-thr-r04,0,policy6_prime,2841600,110694,110694,0
s2d-thr-r04,0,policy6_prime,3072000,79616,79616,0
s2d-thr-r04,0,policy6_prime,3283200,1134023,1134036,13
s2d-thr-r04,0,policy6_prime,3513600,42757,42757,0
s2d-thr-r04,0,policy6_prime,3801600,45233,45233,0
s2d-thr-r04,0,policy6_prime,4089600,1947,1947,0
s2d-thr-r04,0,policy6_prime,4204800,988,988,0
s2d-thr-r04,0,policy6_prime,4320000,28557,28557,0
s2d-thr-r05,504,policy0_mid,384000,245744,245744,0
s2d-thr-r05,504,policy0_mid,556800,14773565,14773700,135
s2d-thr-r05,504,policy0_mid,748800,3804962,3805014,52
s2d-thr-r05,504,policy0_mid,960000,2527586,2527992,406
s2d-thr-r05,504,policy0_mid,1152000,1379834,1379934,100
s2d-thr-r05,504,policy0_mid,1363200,1482414,1482459,45
s2d-thr-r05,504,policy0_mid,1555200,713722,713759,37
s2d-thr-r05,504,policy0_mid,1785600,1055181,1055214,33
s2d-thr-r05,504,policy0_mid,1996800,700355,700387,32
s2d-thr-r05,504,policy0_mid,2227200,775174,775186,12
s2d-thr-r05,504,policy0_mid,2400000,2752857,2753195,338
s2d-thr-r05,504,policy0_mid,2745600,474472,474501,29
s2d-thr-r05,504,policy0_mid,2918400,1101172,1101483,311
s2d-thr-r05,504,policy0_mid,3072000,50851,50851,0
s2d-thr-r05,504,policy0_mid,3321600,3149,3149,0
s2d-thr-r05,504,policy0_mid,3532800,34285,34285,0
s2d-thr-r05,504,policy6_prime,1017600,29209058,29210589,1531
s2d-thr-r05,504,policy6_prime,1209600,77887,77887,0
s2d-thr-r05,504,policy6_prime,1401600,361561,361561,0
s2d-thr-r05,504,policy6_prime,1689600,107403,107403,0
s2d-thr-r05,504,policy6_prime,1958400,254891,254891,0
s2d-thr-r05,504,policy6_prime,2246400,93555,93555,0
s2d-thr-r05,504,policy6_prime,2438400,158771,158771,0
s2d-thr-r05,504,policy6_prime,2649600,168343,168343,0
s2d-thr-r05,504,policy6_prime,2841600,110694,110694,0
s2d-thr-r05,504,policy6_prime,3072000,79617,79617,0
s2d-thr-r05,504,policy6_prime,3283200,1134060,1134063,3
s2d-thr-r05,504,policy6_prime,3513600,42757,42757,0
s2d-thr-r05,504,policy6_prime,3801600,45233,45233,0
s2d-thr-r05,504,policy6_prime,4089600,1947,1947,0
s2d-thr-r05,504,policy6_prime,4204800,988,988,0
s2d-thr-r05,504,policy6_prime,4320000,28557,28557,0
s2d-thr-r06,496,policy0_mid,384000,245744,245744,0
s2d-thr-r06,496,policy0_mid,556800,14774601,14774735,134
s2d-thr-r06,496,policy0_mid,748800,3805151,3805202,51
s2d-thr-r06,496,policy0_mid,960000,2528066,2528500,434
s2d-thr-r06,496,policy0_mid,1152000,1379991,1380076,85
s2d-thr-r06,496,policy0_mid,1363200,1482474,1482526,52
s2d-thr-r06,496,policy0_mid,1555200,713773,713800,27
s2d-thr-r06,496,policy0_mid,1785600,1055226,1055267,41
s2d-thr-r06,496,policy0_mid,1996800,700393,700411,18
s2d-thr-r06,496,policy0_mid,2227200,775196,775212,16
s2d-thr-r06,496,policy0_mid,2400000,2753263,2753596,333
s2d-thr-r06,496,policy0_mid,2745600,474521,474553,32
s2d-thr-r06,496,policy0_mid,2918400,1101490,1101799,309
s2d-thr-r06,496,policy0_mid,3072000,50851,50851,0
s2d-thr-r06,496,policy0_mid,3321600,3149,3149,0
s2d-thr-r06,496,policy0_mid,3532800,34285,34285,0
s2d-thr-r06,496,policy6_prime,1017600,29211865,29213395,1530
s2d-thr-r06,496,policy6_prime,1209600,77887,77887,0
s2d-thr-r06,496,policy6_prime,1401600,361561,361561,0
s2d-thr-r06,496,policy6_prime,1689600,107403,107403,0
s2d-thr-r06,496,policy6_prime,1958400,254893,254893,0
s2d-thr-r06,496,policy6_prime,2246400,93555,93555,0
s2d-thr-r06,496,policy6_prime,2438400,158771,158771,0
s2d-thr-r06,496,policy6_prime,2649600,168343,168343,0
s2d-thr-r06,496,policy6_prime,2841600,110694,110694,0
s2d-thr-r06,496,policy6_prime,3072000,79617,79617,0
s2d-thr-r06,496,policy6_prime,3283200,1134106,1134106,0
s2d-thr-r06,496,policy6_prime,3513600,42757,42757,0
s2d-thr-r06,496,policy6_prime,3801600,45233,45233,0
s2d-thr-r06,496,policy6_prime,4089600,1947,1947,0
s2d-thr-r06,496,policy6_prime,4204800,988,988,0
s2d-thr-r06,496,policy6_prime,4320000,28557,28557,0
s2d-thr-r07,480,policy0_mid,384000,245744,245744,0
s2d-thr-r07,480,policy0_mid,556800,14775635,14775749,114
s2d-thr-r07,480,policy0_mid,748800,3805316,3805362,46
s2d-thr-r07,480,policy0_mid,960000,2528559,2529002,443
s2d-thr-r07,480,policy0_mid,1152000,1380120,1380214,94
s2d-thr-r07,480,policy0_mid,1363200,1482556,1482600,44
s2d-thr-r07,480,policy0_mid,1555200,713822,713852,30
s2d-thr-r07,480,policy0_mid,1785600,1055292,1055328,36
s2d-thr-r07,480,policy0_mid,1996800,700428,700469,41
s2d-thr-r07,480,policy0_mid,2227200,775224,775238,14
s2d-thr-r07,480,policy0_mid,2400000,2753677,2753974,297
s2d-thr-r07,480,policy0_mid,2745600,474563,474914,351
s2d-thr-r07,480,policy0_mid,2918400,1101807,1101825,18
s2d-thr-r07,480,policy0_mid,3072000,50851,50851,0
s2d-thr-r07,480,policy0_mid,3321600,3149,3149,0
s2d-thr-r07,480,policy0_mid,3532800,34285,34285,0
s2d-thr-r07,480,policy6_prime,1017600,29214683,29216208,1525
s2d-thr-r07,480,policy6_prime,1209600,77887,77887,0
s2d-thr-r07,480,policy6_prime,1401600,361561,361561,0
s2d-thr-r07,480,policy6_prime,1689600,107404,107404,0
s2d-thr-r07,480,policy6_prime,1958400,254893,254893,0
s2d-thr-r07,480,policy6_prime,2246400,93555,93555,0
s2d-thr-r07,480,policy6_prime,2438400,158771,158771,0
s2d-thr-r07,480,policy6_prime,2649600,168343,168343,0
s2d-thr-r07,480,policy6_prime,2841600,110696,110696,0
s2d-thr-r07,480,policy6_prime,3072000,79617,79617,0
s2d-thr-r07,480,policy6_prime,3283200,1134135,1134140,5
s2d-thr-r07,480,policy6_prime,3513600,42757,42757,0
s2d-thr-r07,480,policy6_prime,3801600,45233,45233,0
s2d-thr-r07,480,policy6_prime,4089600,1947,1947,0
s2d-thr-r07,480,policy6_prime,4204800,988,988,0
s2d-thr-r07,480,policy6_prime,4320000,28557,28557,0
s2d-thr-r08,464,policy0_mid,384000,245744,245744,0
s2d-thr-r08,464,policy0_mid,556800,14776641,14776778,137
s2d-thr-r08,464,policy0_mid,748800,3805507,3805548,41
s2d-thr-r08,464,policy0_mid,960000,2529079,2529440,361
s2d-thr-r08,464,policy0_mid,1152000,1380245,1380336,91
s2d-thr-r08,464,policy0_mid,1363200,1482618,1482666,48
s2d-thr-r08,464,policy0_mid,1555200,713864,713899,35
s2d-thr-r08,464,policy0_mid,1785600,1055352,1055392,40
s2d-thr-r08,464,policy0_mid,1996800,700485,700515,30
s2d-thr-r08,464,policy0_mid,2227200,775256,775287,31
s2d-thr-r08,464,policy0_mid,2400000,2754063,2754424,361
s2d-thr-r08,464,policy0_mid,2745600,474930,475242,312
s2d-thr-r08,464,policy0_mid,2918400,1101831,1101873,42
s2d-thr-r08,464,policy0_mid,3072000,50851,50851,0
s2d-thr-r08,464,policy0_mid,3321600,3149,3149,0
s2d-thr-r08,464,policy0_mid,3532800,34285,34285,0
s2d-thr-r08,464,policy6_prime,1017600,29217519,29219040,1521
s2d-thr-r08,464,policy6_prime,1209600,77887,77887,0
s2d-thr-r08,464,policy6_prime,1401600,361561,361563,2
s2d-thr-r08,464,policy6_prime,1689600,107404,107406,2
s2d-thr-r08,464,policy6_prime,1958400,254893,254893,0
s2d-thr-r08,464,policy6_prime,2246400,93557,93557,0
s2d-thr-r08,464,policy6_prime,2438400,158771,158771,0
s2d-thr-r08,464,policy6_prime,2649600,168343,168343,0
s2d-thr-r08,464,policy6_prime,2841600,110698,110699,1
s2d-thr-r08,464,policy6_prime,3072000,79619,79620,1
s2d-thr-r08,464,policy6_prime,3283200,1134166,1134171,5
s2d-thr-r08,464,policy6_prime,3513600,42757,42757,0
s2d-thr-r08,464,policy6_prime,3801600,45233,45233,0
s2d-thr-r08,464,policy6_prime,4089600,1947,1947,0
s2d-thr-r08,464,policy6_prime,4204800,988,988,0
s2d-thr-r08,464,policy6_prime,4320000,28557,28557,0
s2d-thr-r09,480,policy0_mid,384000,245744,245744,0
s2d-thr-r09,480,policy0_mid,556800,14777670,14777789,119
s2d-thr-r09,480,policy0_mid,748800,3805680,3805729,49
s2d-thr-r09,480,policy0_mid,960000,2529520,2529931,411
s2d-thr-r09,480,policy0_mid,1152000,1380387,1380492,105
s2d-thr-r09,480,policy0_mid,1363200,1482681,1482737,56
s2d-thr-r09,480,policy0_mid,1555200,713914,713944,30
s2d-thr-r09,480,policy0_mid,1785600,1055408,1055441,33
s2d-thr-r09,480,policy0_mid,1996800,700535,700567,32
s2d-thr-r09,480,policy0_mid,2227200,775297,775308,11
s2d-thr-r09,480,policy0_mid,2400000,2754511,2754852,341
s2d-thr-r09,480,policy0_mid,2745600,475254,475573,319
s2d-thr-r09,480,policy0_mid,2918400,1101878,1101900,22
s2d-thr-r09,480,policy0_mid,3072000,50851,50851,0
s2d-thr-r09,480,policy0_mid,3321600,3149,3149,0
s2d-thr-r09,480,policy0_mid,3532800,34285,34285,0
s2d-thr-r09,480,policy6_prime,1017600,29220327,29221855,1528
s2d-thr-r09,480,policy6_prime,1209600,77887,77887,0
s2d-thr-r09,480,policy6_prime,1401600,361563,361563,0
s2d-thr-r09,480,policy6_prime,1689600,107407,107407,0
s2d-thr-r09,480,policy6_prime,1958400,254893,254893,0
s2d-thr-r09,480,policy6_prime,2246400,93557,93557,0
s2d-thr-r09,480,policy6_prime,2438400,158773,158773,0
s2d-thr-r09,480,policy6_prime,2649600,168344,168344,0
s2d-thr-r09,480,policy6_prime,2841600,110699,110699,0
s2d-thr-r09,480,policy6_prime,3072000,79622,79622,0
s2d-thr-r09,480,policy6_prime,3283200,1134210,1134210,0
s2d-thr-r09,480,policy6_prime,3513600,42757,42757,0
s2d-thr-r09,480,policy6_prime,3801600,45233,45233,0
s2d-thr-r09,480,policy6_prime,4089600,1947,1947,0
s2d-thr-r09,480,policy6_prime,4204800,988,988,0
s2d-thr-r09,480,policy6_prime,4320000,28557,28557,0
s2d-thr-r10,0,policy0_mid,384000,245744,245744,0
s2d-thr-r10,0,policy0_mid,556800,14778663,14779340,677
s2d-thr-r10,0,policy0_mid,748800,3805864,3806267,403
s2d-thr-r10,0,policy0_mid,960000,2530020,2530173,153
s2d-thr-r10,0,policy0_mid,1152000,1380542,1380591,49
s2d-thr-r10,0,policy0_mid,1363200,1482762,1482792,30
s2d-thr-r10,0,policy0_mid,1555200,713958,713966,8
s2d-thr-r10,0,policy0_mid,1785600,1055458,1055487,29
s2d-thr-r10,0,policy0_mid,1996800,700579,700595,16
s2d-thr-r10,0,policy0_mid,2227200,775311,775329,18
s2d-thr-r10,0,policy0_mid,2400000,2754931,2755033,102
s2d-thr-r10,0,policy0_mid,2745600,475584,475598,14
s2d-thr-r10,0,policy0_mid,2918400,1101907,1101938,31
s2d-thr-r10,0,policy0_mid,3072000,50851,50851,0
s2d-thr-r10,0,policy0_mid,3321600,3149,3149,0
s2d-thr-r10,0,policy0_mid,3532800,34285,34285,0
s2d-thr-r10,0,policy6_prime,1017600,29223135,29224667,1532
s2d-thr-r10,0,policy6_prime,1209600,77887,77887,0
s2d-thr-r10,0,policy6_prime,1401600,361563,361563,0
s2d-thr-r10,0,policy6_prime,1689600,107407,107407,0
s2d-thr-r10,0,policy6_prime,1958400,254893,254893,0
s2d-thr-r10,0,policy6_prime,2246400,93557,93557,0
s2d-thr-r10,0,policy6_prime,2438400,158774,158774,0
s2d-thr-r10,0,policy6_prime,2649600,168347,168347,0
s2d-thr-r10,0,policy6_prime,2841600,110699,110699,0
s2d-thr-r10,0,policy6_prime,3072000,79622,79622,0
s2d-thr-r10,0,policy6_prime,3283200,1134241,1134241,0
s2d-thr-r10,0,policy6_prime,3513600,42757,42757,0
s2d-thr-r10,0,policy6_prime,3801600,45233,45233,0
s2d-thr-r10,0,policy6_prime,4089600,1947,1947,0
s2d-thr-r10,0,policy6_prime,4204800,988,988,0
s2d-thr-r10,0,policy6_prime,4320000,28557,28557,0
s2d-thr-r11,504,policy0_mid,384000,245744,245744,0
s2d-thr-r11,504,policy0_mid,556800,14780213,14780338,125
s2d-thr-r11,504,policy0_mid,748800,3806390,3806429,39
s2d-thr-r11,504,policy0_mid,960000,2530227,2530684,457
s2d-thr-r11,504,policy0_mid,1152000,1380638,1380720,82
s2d-thr-r11,504,policy0_mid,1363200,1482822,1482882,60
s2d-thr-r11,504,policy0_mid,1555200,713984,714017,33
s2d-thr-r11,504,policy0_mid,1785600,1055521,1055552,31
s2d-thr-r11,504,policy0_mid,1996800,700607,700640,33
s2d-thr-r11,504,policy0_mid,2227200,775345,775360,15
s2d-thr-r11,504,policy0_mid,2400000,2755124,2755435,311
s2d-thr-r11,504,policy0_mid,2745600,475612,475638,26
s2d-thr-r11,504,policy0_mid,2918400,1101948,1102268,320
s2d-thr-r11,504,policy0_mid,3072000,50851,50851,0
s2d-thr-r11,504,policy0_mid,3321600,3149,3149,0
s2d-thr-r11,504,policy0_mid,3532800,34285,34285,0
s2d-thr-r11,504,policy6_prime,1017600,29225938,29227464,1526
s2d-thr-r11,504,policy6_prime,1209600,77887,77887,0
s2d-thr-r11,504,policy6_prime,1401600,361563,361563,0
s2d-thr-r11,504,policy6_prime,1689600,107407,107407,0
s2d-thr-r11,504,policy6_prime,1958400,254893,254893,0
s2d-thr-r11,504,policy6_prime,2246400,93557,93557,0
s2d-thr-r11,504,policy6_prime,2438400,158774,158774,0
s2d-thr-r11,504,policy6_prime,2649600,168347,168349,2
s2d-thr-r11,504,policy6_prime,2841600,110712,110712,0
s2d-thr-r11,504,policy6_prime,3072000,79623,79623,0
s2d-thr-r11,504,policy6_prime,3283200,1134279,1134283,4
s2d-thr-r11,504,policy6_prime,3513600,42757,42757,0
s2d-thr-r11,504,policy6_prime,3801600,45233,45233,0
s2d-thr-r11,504,policy6_prime,4089600,1947,1947,0
s2d-thr-r11,504,policy6_prime,4204800,988,988,0
s2d-thr-r11,504,policy6_prime,4320000,28557,28557,0
s2d-thr-r12,512,policy0_mid,384000,245744,245744,0
s2d-thr-r12,512,policy0_mid,556800,14781207,14782139,932
s2d-thr-r12,512,policy0_mid,748800,3806566,3806795,229
s2d-thr-r12,512,policy0_mid,960000,2530756,2530896,140
s2d-thr-r12,512,policy0_mid,1152000,1380756,1380798,42
s2d-thr-r12,512,policy0_mid,1363200,1482904,1482918,14
s2d-thr-r12,512,policy0_mid,1555200,714038,714045,7
s2d-thr-r12,512,policy0_mid,1785600,1055576,1055592,16
s2d-thr-r12,512,policy0_mid,1996800,700651,700661,10
s2d-thr-r12,512,policy0_mid,2227200,775379,775398,19
s2d-thr-r12,512,policy0_mid,2400000,2755531,2755628,97
s2d-thr-r12,512,policy0_mid,2745600,475650,475660,10
s2d-thr-r12,512,policy0_mid,2918400,1102278,1102296,18
s2d-thr-r12,512,policy0_mid,3072000,50851,50851,0
s2d-thr-r12,512,policy0_mid,3321600,3149,3149,0
s2d-thr-r12,512,policy0_mid,3532800,34285,34285,0
s2d-thr-r12,512,policy6_prime,1017600,29228761,29229836,1075
s2d-thr-r12,512,policy6_prime,1209600,77887,77887,0
s2d-thr-r12,512,policy6_prime,1401600,361563,361563,0
s2d-thr-r12,512,policy6_prime,1689600,107407,107407,0
s2d-thr-r12,512,policy6_prime,1958400,254893,254893,0
s2d-thr-r12,512,policy6_prime,2246400,93557,93557,0
s2d-thr-r12,512,policy6_prime,2438400,158776,158776,0
s2d-thr-r12,512,policy6_prime,2649600,168349,168349,0
s2d-thr-r12,512,policy6_prime,2841600,110712,111172,460
s2d-thr-r12,512,policy6_prime,3072000,79623,79623,0
s2d-thr-r12,512,policy6_prime,3283200,1134311,1134311,0
s2d-thr-r12,512,policy6_prime,3513600,42757,42757,0
s2d-thr-r12,512,policy6_prime,3801600,45233,45233,0
s2d-thr-r12,512,policy6_prime,4089600,1947,1947,0
s2d-thr-r12,512,policy6_prime,4204800,988,988,0
s2d-thr-r12,512,policy6_prime,4320000,28557,28557,0
s2d-thr-r13,496,policy0_mid,384000,245744,245744,0
s2d-thr-r13,496,policy0_mid,556800,14783049,14783177,128
s2d-thr-r13,496,policy0_mid,748800,3806916,3806965,49
s2d-thr-r13,496,policy0_mid,960000,2530964,2531388,424
s2d-thr-r13,496,policy0_mid,1152000,1380835,1380932,97
s2d-thr-r13,496,policy0_mid,1363200,1482950,1483023,73
s2d-thr-r13,496,policy0_mid,1555200,714054,714086,32
s2d-thr-r13,496,policy0_mid,1785600,1055618,1055660,42
s2d-thr-r13,496,policy0_mid,1996800,700672,700694,22
s2d-thr-r13,496,policy0_mid,2227200,775406,775429,23
s2d-thr-r13,496,policy0_mid,2400000,2755711,2756021,310
s2d-thr-r13,496,policy0_mid,2745600,475669,475694,25
s2d-thr-r13,496,policy0_mid,2918400,1102303,1102610,307
s2d-thr-r13,496,policy0_mid,3072000,50851,50851,0
s2d-thr-r13,496,policy0_mid,3321600,3149,3149,0
s2d-thr-r13,496,policy0_mid,3532800,34285,34285,0
s2d-thr-r13,496,policy6_prime,1017600,29231121,29232651,1530
s2d-thr-r13,496,policy6_prime,1209600,77887,77887,0
s2d-thr-r13,496,policy6_prime,1401600,361563,361564,1
s2d-thr-r13,496,policy6_prime,1689600,107407,107407,0
s2d-thr-r13,496,policy6_prime,1958400,254893,254893,0
s2d-thr-r13,496,policy6_prime,2246400,93557,93557,0
s2d-thr-r13,496,policy6_prime,2438400,158776,158776,0
s2d-thr-r13,496,policy6_prime,2649600,168349,168349,0
s2d-thr-r13,496,policy6_prime,2841600,111175,111177,2
s2d-thr-r13,496,policy6_prime,3072000,79623,79623,0
s2d-thr-r13,496,policy6_prime,3283200,1134344,1134344,0
s2d-thr-r13,496,policy6_prime,3513600,42757,42757,0
s2d-thr-r13,496,policy6_prime,3801600,45233,45233,0
s2d-thr-r13,496,policy6_prime,4089600,1947,1947,0
s2d-thr-r13,496,policy6_prime,4204800,988,988,0
s2d-thr-r13,496,policy6_prime,4320000,28557,28557,0
s2d-thr-r14,448,policy0_mid,384000,245744,245744,0
s2d-thr-r14,448,policy0_mid,556800,14784039,14784193,154
s2d-thr-r14,448,policy0_mid,748800,3807097,3807141,44
s2d-thr-r14,448,policy0_mid,960000,2531484,2531889,405
s2d-thr-r14,448,policy0_mid,1152000,1380977,1381062,85
s2d-thr-r14,448,policy0_mid,1363200,1483048,1483105,57
s2d-thr-r14,448,policy0_mid,1555200,714099,714139,40
s2d-thr-r14,448,policy0_mid,1785600,1055679,1055718,39
s2d-thr-r14,448,policy0_mid,1996800,700705,700732,27
s2d-thr-r14,448,policy0_mid,2227200,775441,775466,25
s2d-thr-r14,448,policy0_mid,2400000,2756125,2756453,328
s2d-thr-r14,448,policy0_mid,2745600,475709,476008,299
s2d-thr-r14,448,policy0_mid,2918400,1102619,1102644,25
s2d-thr-r14,448,policy0_mid,3072000,50851,50851,0
s2d-thr-r14,448,policy0_mid,3321600,3149,3149,0
s2d-thr-r14,448,policy0_mid,3532800,34285,34285,0
s2d-thr-r14,448,policy6_prime,1017600,29233956,29235472,1516
s2d-thr-r14,448,policy6_prime,1209600,77887,77887,0
s2d-thr-r14,448,policy6_prime,1401600,361564,361564,0
s2d-thr-r14,448,policy6_prime,1689600,107407,107409,2
s2d-thr-r14,448,policy6_prime,1958400,254893,254893,0
s2d-thr-r14,448,policy6_prime,2246400,93559,93559,0
s2d-thr-r14,448,policy6_prime,2438400,158777,158779,2
s2d-thr-r14,448,policy6_prime,2649600,168351,168351,0
s2d-thr-r14,448,policy6_prime,2841600,111177,111178,1
s2d-thr-r14,448,policy6_prime,3072000,79625,79625,0
s2d-thr-r14,448,policy6_prime,3283200,1134372,1134384,12
s2d-thr-r14,448,policy6_prime,3513600,42757,42757,0
s2d-thr-r14,448,policy6_prime,3801600,45233,45233,0
s2d-thr-r14,448,policy6_prime,4089600,1947,1947,0
s2d-thr-r14,448,policy6_prime,4204800,988,988,0
s2d-thr-r14,448,policy6_prime,4320000,28557,28557,0
s2d-thr-r15,504,policy0_mid,384000,245744,245744,0
s2d-thr-r15,504,policy0_mid,556800,14785072,14785204,132
s2d-thr-r15,504,policy0_mid,748800,3807273,3807316,43
s2d-thr-r15,504,policy0_mid,960000,2531967,2532399,432
s2d-thr-r15,504,policy0_mid,1152000,1381104,1381193,89
s2d-thr-r15,504,policy0_mid,1363200,1483135,1483192,57
s2d-thr-r15,504,policy0_mid,1555200,714152,714184,32
s2d-thr-r15,504,policy0_mid,1785600,1055735,1055767,32
s2d-thr-r15,504,policy0_mid,1996800,700743,700770,27
s2d-thr-r15,504,policy0_mid,2227200,775476,775499,23
s2d-thr-r15,504,policy0_mid,2400000,2756559,2756878,319
s2d-thr-r15,504,policy0_mid,2745600,476027,476049,22
s2d-thr-r15,504,policy0_mid,2918400,1102649,1102970,321
s2d-thr-r15,504,policy0_mid,3072000,50851,50851,0
s2d-thr-r15,504,policy0_mid,3321600,3149,3149,0
s2d-thr-r15,504,policy0_mid,3532800,34285,34285,0
s2d-thr-r15,504,policy6_prime,1017600,29236753,29238278,1525
s2d-thr-r15,504,policy6_prime,1209600,77888,77888,0
s2d-thr-r15,504,policy6_prime,1401600,361566,361566,0
s2d-thr-r15,504,policy6_prime,1689600,107412,107412,0
s2d-thr-r15,504,policy6_prime,1958400,254893,254893,0
s2d-thr-r15,504,policy6_prime,2246400,93562,93562,0
s2d-thr-r15,504,policy6_prime,2438400,158779,158780,1
s2d-thr-r15,504,policy6_prime,2649600,168351,168351,0
s2d-thr-r15,504,policy6_prime,2841600,111198,111198,0
s2d-thr-r15,504,policy6_prime,3072000,79625,79625,0
s2d-thr-r15,504,policy6_prime,3283200,1134412,1134415,3
s2d-thr-r15,504,policy6_prime,3513600,42757,42757,0
s2d-thr-r15,504,policy6_prime,3801600,45233,45233,0
s2d-thr-r15,504,policy6_prime,4089600,1947,1947,0
s2d-thr-r15,504,policy6_prime,4204800,988,988,0
s2d-thr-r15,504,policy6_prime,4320000,28557,28557,0
s2d-thr-r16,464,policy0_mid,384000,245744,245744,0
s2d-thr-r16,464,policy0_mid,556800,14786105,14786197,92
s2d-thr-r16,464,policy0_mid,748800,3807447,3807480,33
s2d-thr-r16,464,policy0_mid,960000,2532472,2532745,273
s2d-thr-r16,464,policy0_mid,1152000,1381237,1381317,80
s2d-thr-r16,464,policy0_mid,1363200,1483226,1483287,61
s2d-thr-r16,464,policy0_mid,1555200,714191,714250,59
s2d-thr-r16,464,policy0_mid,1785600,1055782,1055835,53
s2d-thr-r16,464,policy0_mid,1996800,700782,700836,54
s2d-thr-r16,464,policy0_mid,2227200,775510,775563,53
s2d-thr-r16,464,policy0_mid,2400000,2756968,2757383,415
s2d-thr-r16,464,policy0_mid,2745600,476058,476348,290
s2d-thr-r16,464,policy0_mid,2918400,1102982,1103046,64
s2d-thr-r16,464,policy0_mid,3072000,50851,50855,4
s2d-thr-r16,464,policy0_mid,3321600,3149,3149,0
s2d-thr-r16,464,policy0_mid,3532800,34285,34285,0
s2d-thr-r16,464,policy6_prime,1017600,29239589,29241079,1490
s2d-thr-r16,464,policy6_prime,1209600,77888,77890,2
s2d-thr-r16,464,policy6_prime,1401600,361566,361568,2
s2d-thr-r16,464,policy6_prime,1689600,107412,107413,1
s2d-thr-r16,464,policy6_prime,1958400,254894,254897,3
s2d-thr-r16,464,policy6_prime,2246400,93562,93564,2
s2d-thr-r16,464,policy6_prime,2438400,158780,158781,1
s2d-thr-r16,464,policy6_prime,2649600,168351,168354,3
s2d-thr-r16,464,policy6_prime,2841600,111198,111199,1
s2d-thr-r16,464,policy6_prime,3072000,79625,79634,9
s2d-thr-r16,464,policy6_prime,3283200,1134441,1134457,16
s2d-thr-r16,464,policy6_prime,3513600,42757,42761,4
s2d-thr-r16,464,policy6_prime,3801600,45233,45233,0
s2d-thr-r16,464,policy6_prime,4089600,1947,1947,0
s2d-thr-r16,464,policy6_prime,4204800,988,988,0
s2d-thr-r16,464,policy6_prime,4320000,28557,28557,0
s2d-thr-r17,480,policy0_mid,384000,245744,245744,0
s2d-thr-r17,480,policy0_mid,556800,14786780,14786913,133
s2d-thr-r17,480,policy0_mid,748800,3807665,3807719,54
s2d-thr-r17,480,policy0_mid,960000,2532854,2533273,419
s2d-thr-r17,480,policy0_mid,1152000,1381407,1381509,102
s2d-thr-r17,480,policy0_mid,1363200,1483355,1483415,60
s2d-thr-r17,480,policy0_mid,1555200,714285,714308,23
s2d-thr-r17,480,policy0_mid,1785600,1055878,1055921,43
s2d-thr-r17,480,policy0_mid,1996800,700885,700907,22
s2d-thr-r17,480,policy0_mid,2227200,775591,775615,24
s2d-thr-r17,480,policy0_mid,2400000,2757501,2757814,313
s2d-thr-r17,480,policy0_mid,2745600,476367,476682,315
s2d-thr-r17,480,policy0_mid,2918400,1103062,1103085,23
s2d-thr-r17,480,policy0_mid,3072000,50855,50855,0
s2d-thr-r17,480,policy0_mid,3321600,3149,3149,0
s2d-thr-r17,480,policy0_mid,3532800,34285,34285,0
s2d-thr-r17,480,policy6_prime,1017600,29242353,29243884,1531
s2d-thr-r17,480,policy6_prime,1209600,77893,77893,0
s2d-thr-r17,480,policy6_prime,1401600,361568,361568,0
s2d-thr-r17,480,policy6_prime,1689600,107414,107414,0
s2d-thr-r17,480,policy6_prime,1958400,254898,254898,0
s2d-thr-r17,480,policy6_prime,2246400,93564,93564,0
s2d-thr-r17,480,policy6_prime,2438400,158782,158782,0
s2d-thr-r17,480,policy6_prime,2649600,168370,168370,0
s2d-thr-r17,480,policy6_prime,2841600,111200,111200,0
s2d-thr-r17,480,policy6_prime,3072000,79635,79635,0
s2d-thr-r17,480,policy6_prime,3283200,1134500,1134500,0
s2d-thr-r17,480,policy6_prime,3513600,42761,42761,0
s2d-thr-r17,480,policy6_prime,3801600,45233,45233,0
s2d-thr-r17,480,policy6_prime,4089600,1947,1947,0
s2d-thr-r17,480,policy6_prime,4204800,988,988,0
s2d-thr-r17,480,policy6_prime,4320000,28557,28557,0
s2d-thr-r18,496,policy0_mid,384000,245744,245744,0
s2d-thr-r18,496,policy0_mid,556800,14787811,14787931,120
s2d-thr-r18,496,policy0_mid,748800,3807848,3807891,43
s2d-thr-r18,496,policy0_mid,960000,2533335,2533760,425
s2d-thr-r18,496,policy0_mid,1152000,1381546,1381657,111
s2d-thr-r18,496,policy0_mid,1363200,1483437,1483485,48
s2d-thr-r18,496,policy0_mid,1555200,714324,714345,21
s2d-thr-r18,496,policy0_mid,1785600,1055936,1055963,27
s2d-thr-r18,496,policy0_mid,1996800,700929,700959,30
s2d-thr-r18,496,policy0_mid,2227200,775624,775640,16
s2d-thr-r18,496,policy0_mid,2400000,2757909,2758218,309
s2d-thr-r18,496,policy0_mid,2745600,476692,476722,30
s2d-thr-r18,496,policy0_mid,2918400,1103088,1103436,348
s2d-thr-r18,496,policy0_mid,3072000,50855,50855,0
s2d-thr-r18,496,policy0_mid,3321600,3149,3149,0
s2d-thr-r18,496,policy0_mid,3532800,34285,34285,0
s2d-thr-r18,496,policy6_prime,1017600,29245172,29246694,1522
s2d-thr-r18,496,policy6_prime,1209600,77893,77893,0
s2d-thr-r18,496,policy6_prime,1401600,361570,361570,0
s2d-thr-r18,496,policy6_prime,1689600,107414,107414,0
s2d-thr-r18,496,policy6_prime,1958400,254898,254898,0
s2d-thr-r18,496,policy6_prime,2246400,93564,93566,2
s2d-thr-r18,496,policy6_prime,2438400,158784,158784,0
s2d-thr-r18,496,policy6_prime,2649600,168370,168370,0
s2d-thr-r18,496,policy6_prime,2841600,111200,111200,0
s2d-thr-r18,496,policy6_prime,3072000,79635,79635,0
s2d-thr-r18,496,policy6_prime,3283200,1134526,1134532,6
s2d-thr-r18,496,policy6_prime,3513600,42761,42761,0
s2d-thr-r18,496,policy6_prime,3801600,45233,45233,0
s2d-thr-r18,496,policy6_prime,4089600,1947,1947,0
s2d-thr-r18,496,policy6_prime,4204800,988,988,0
s2d-thr-r18,496,policy6_prime,4320000,28557,28557,0
s2d-thr-r19,512,policy0_mid,384000,245744,245744,0
s2d-thr-r19,512,policy0_mid,556800,14788764,14789638,874
s2d-thr-r19,512,policy0_mid,748800,3808041,3808269,228
s2d-thr-r19,512,policy0_mid,960000,2533849,2533998,149
s2d-thr-r19,512,policy0_mid,1152000,1381689,1381732,43
s2d-thr-r19,512,policy0_mid,1363200,1483510,1483530,20
s2d-thr-r19,512,policy0_mid,1555200,714356,714367,11
s2d-thr-r19,512,policy0_mid,1785600,1055988,1056007,19
s2d-thr-r19,512,policy0_mid,1996800,700980,700993,13
s2d-thr-r19,512,policy0_mid,2227200,775658,775674,16
s2d-thr-r19,512,policy0_mid,2400000,2758309,2758436,127
s2d-thr-r19,512,policy0_mid,2745600,476737,476745,8
s2d-thr-r19,512,policy0_mid,2918400,1103443,1103472,29
s2d-thr-r19,512,policy0_mid,3072000,50855,50855,0
s2d-thr-r19,512,policy0_mid,3321600,3149,3149,0
s2d-thr-r19,512,policy0_mid,3532800,34285,34285,0
s2d-thr-r19,512,policy6_prime,1017600,29247975,29249065,1090
s2d-thr-r19,512,policy6_prime,1209600,77893,77894,1
s2d-thr-r19,512,policy6_prime,1401600,361572,361572,0
s2d-thr-r19,512,policy6_prime,1689600,107414,107416,2
s2d-thr-r19,512,policy6_prime,1958400,254898,254898,0
s2d-thr-r19,512,policy6_prime,2246400,93566,93566,0
s2d-thr-r19,512,policy6_prime,2438400,158786,158786,0
s2d-thr-r19,512,policy6_prime,2649600,168370,168370,0
s2d-thr-r19,512,policy6_prime,2841600,111200,111630,430
s2d-thr-r19,512,policy6_prime,3072000,79636,79636,0
s2d-thr-r19,512,policy6_prime,3283200,1134563,1134576,13
s2d-thr-r19,512,policy6_prime,3513600,42761,42761,0
s2d-thr-r19,512,policy6_prime,3801600,45233,45233,0
s2d-thr-r19,512,policy6_prime,4089600,1947,1947,0
s2d-thr-r19,512,policy6_prime,4204800,988,988,0
s2d-thr-r19,512,policy6_prime,4320000,28557,28557,0
s2d-thr-r20,448,policy0_mid,384000,245744,245744,0
s2d-thr-r20,448,policy0_mid,556800,14790548,14790671,123
s2d-thr-r20,448,policy0_mid,748800,3808396,3808451,55
s2d-thr-r20,448,policy0_mid,960000,2534085,2534482,397
s2d-thr-r20,448,policy0_mid,1152000,1381780,1381880,100
s2d-thr-r20,448,policy0_mid,1363200,1483558,1483610,52
s2d-thr-r20,448,policy0_mid,1555200,714390,714422,32
s2d-thr-r20,448,policy0_mid,1785600,1056019,1056054,35
s2d-thr-r20,448,policy0_mid,1996800,700999,701029,30
s2d-thr-r20,448,policy0_mid,2227200,775686,775721,35
s2d-thr-r20,448,policy0_mid,2400000,2758507,2758815,308
s2d-thr-r20,448,policy0_mid,2745600,476753,477067,314
s2d-thr-r20,448,policy0_mid,2918400,1103478,1103526,48
s2d-thr-r20,448,policy0_mid,3072000,50855,50855,0
s2d-thr-r20,448,policy0_mid,3321600,3149,3149,0
s2d-thr-r20,448,policy0_mid,3532800,34285,34285,0
s2d-thr-r20,448,policy6_prime,1017600,29250358,29251887,1529
s2d-thr-r20,448,policy6_prime,1209600,77894,77894,0
s2d-thr-r20,448,policy6_prime,1401600,361572,361572,0
s2d-thr-r20,448,policy6_prime,1689600,107416,107416,0
s2d-thr-r20,448,policy6_prime,1958400,254900,254902,2
s2d-thr-r20,448,policy6_prime,2246400,93566,93566,0
s2d-thr-r20,448,policy6_prime,2438400,158786,158786,0
s2d-thr-r20,448,policy6_prime,2649600,168371,168371,0
s2d-thr-r20,448,policy6_prime,2841600,111638,111639,1
s2d-thr-r20,448,policy6_prime,3072000,79636,79636,0
s2d-thr-r20,448,policy6_prime,3283200,1134608,1134608,0
s2d-thr-r20,448,policy6_prime,3513600,42761,42761,0
s2d-thr-r20,448,policy6_prime,3801600,45233,45233,0
s2d-thr-r20,448,policy6_prime,4089600,1947,1947,0
s2d-thr-r20,448,policy6_prime,4204800,988,988,0
s2d-thr-r20,448,policy6_prime,4320000,28557,28557,0
s2d-thr-r21,0,policy0_mid,384000,245744,245744,0
s2d-thr-r21,0,policy0_mid,556800,14791544,14792219,675
s2d-thr-r21,0,policy0_mid,748800,3808571,3808977,406
s2d-thr-r21,0,policy0_mid,960000,2534579,2534777,198
s2d-thr-r21,0,policy0_mid,1152000,1381929,1381982,53
s2d-thr-r21,0,policy0_mid,1363200,1483643,1483658,15
s2d-thr-r21,0,policy0_mid,1555200,714440,714446,6
s2d-thr-r21,0,policy0_mid,1785600,1056076,1056097,21
s2d-thr-r21,0,policy0_mid,1996800,701041,701058,17
s2d-thr-r21,0,policy0_mid,2227200,775734,775745,11
s2d-thr-r21,0,policy0_mid,2400000,2758895,2758984,89
s2d-thr-r21,0,policy0_mid,2745600,477080,477095,15
s2d-thr-r21,0,policy0_mid,2918400,1103537,1103566,29
s2d-thr-r21,0,policy0_mid,3072000,50855,50855,0
s2d-thr-r21,0,policy0_mid,3321600,3149,3149,0
s2d-thr-r21,0,policy0_mid,3532800,34285,34285,0
s2d-thr-r21,0,policy6_prime,1017600,29253195,29254732,1537
s2d-thr-r21,0,policy6_prime,1209600,77894,77894,0
s2d-thr-r21,0,policy6_prime,1401600,361572,361572,0
s2d-thr-r21,0,policy6_prime,1689600,107416,107416,0
s2d-thr-r21,0,policy6_prime,1958400,254902,254902,0
s2d-thr-r21,0,policy6_prime,2246400,93569,93569,0
s2d-thr-r21,0,policy6_prime,2438400,158786,158786,0
s2d-thr-r21,0,policy6_prime,2649600,168371,168371,0
s2d-thr-r21,0,policy6_prime,2841600,111639,111639,0
s2d-thr-r21,0,policy6_prime,3072000,79636,79636,0
s2d-thr-r21,0,policy6_prime,3283200,1134637,1134637,0
s2d-thr-r21,0,policy6_prime,3513600,42761,42761,0
s2d-thr-r21,0,policy6_prime,3801600,45233,45233,0
s2d-thr-r21,0,policy6_prime,4089600,1947,1947,0
s2d-thr-r21,0,policy6_prime,4204800,988,988,0
s2d-thr-r21,0,policy6_prime,4320000,28557,28557,0
s2d-thr-r22,464,policy0_mid,384000,245744,245744,0
s2d-thr-r22,464,policy0_mid,556800,14793135,14793273,138
s2d-thr-r22,464,policy0_mid,748800,3809115,3809168,53
s2d-thr-r22,464,policy0_mid,960000,2534835,2535229,394
s2d-thr-r22,464,policy0_mid,1152000,1382006,1382124,118
s2d-thr-r22,464,policy0_mid,1363200,1483679,1483736,57
s2d-thr-r22,464,policy0_mid,1555200,714459,714489,30
s2d-thr-r22,464,policy0_mid,1785600,1056121,1056154,33
s2d-thr-r22,464,policy0_mid,1996800,701069,701092,23
s2d-thr-r22,464,policy0_mid,2227200,775756,775771,15
s2d-thr-r22,464,policy0_mid,2400000,2759087,2759412,325
s2d-thr-r22,464,policy0_mid,2745600,477106,477423,317
s2d-thr-r22,464,policy0_mid,2918400,1103569,1103597,28
s2d-thr-r22,464,policy0_mid,3072000,50855,50855,0
s2d-thr-r22,464,policy0_mid,3321600,3149,3149,0
s2d-thr-r22,464,policy0_mid,3532800,34285,34285,0
s2d-thr-r22,464,policy6_prime,1017600,29256033,29257561,1528
s2d-thr-r22,464,policy6_prime,1209600,77894,77894,0
s2d-thr-r22,464,policy6_prime,1401600,361573,361573,0
s2d-thr-r22,464,policy6_prime,1689600,107416,107416,0
s2d-thr-r22,464,policy6_prime,1958400,254902,254902,0
s2d-thr-r22,464,policy6_prime,2246400,93569,93569,0
s2d-thr-r22,464,policy6_prime,2438400,158787,158787,0
s2d-thr-r22,464,policy6_prime,2649600,168371,168371,0
s2d-thr-r22,464,policy6_prime,2841600,111639,111639,0
s2d-thr-r22,464,policy6_prime,3072000,79636,79636,0
s2d-thr-r22,464,policy6_prime,3283200,1134663,1134668,5
s2d-thr-r22,464,policy6_prime,3513600,42761,42761,0
s2d-thr-r22,464,policy6_prime,3801600,45233,45233,0
s2d-thr-r22,464,policy6_prime,4089600,1947,1947,0
s2d-thr-r22,464,policy6_prime,4204800,988,988,0
s2d-thr-r22,464,policy6_prime,4320000,28557,28557,0
s2d-thr-r23,496,policy0_mid,384000,245744,245744,0
s2d-thr-r23,496,policy0_mid,556800,14794175,14794312,137
s2d-thr-r23,496,policy0_mid,748800,3809283,3809329,46
s2d-thr-r23,496,policy0_mid,960000,2535298,2535744,446
s2d-thr-r23,496,policy0_mid,1152000,1382159,1382242,83
s2d-thr-r23,496,policy0_mid,1363200,1483764,1483815,51
s2d-thr-r23,496,policy0_mid,1555200,714503,714542,39
s2d-thr-r23,496,policy0_mid,1785600,1056170,1056218,48
s2d-thr-r23,496,policy0_mid,1996800,701105,701124,19
s2d-thr-r23,496,policy0_mid,2227200,775795,775813,18
s2d-thr-r23,496,policy0_mid,2400000,2759508,2759811,303
s2d-thr-r23,496,policy0_mid,2745600,477436,477466,30
s2d-thr-r23,496,policy0_mid,2918400,1103602,1103913,311
s2d-thr-r23,496,policy0_mid,3072000,50855,50855,0
s2d-thr-r23,496,policy0_mid,3321600,3149,3149,0
s2d-thr-r23,496,policy0_mid,3532800,34285,34285,0
s2d-thr-r23,496,policy6_prime,1017600,29258861,29260375,1514
s2d-thr-r23,496,policy6_prime,1209600,77894,77894,0
s2d-thr-r23,496,policy6_prime,1401600,361573,361573,0
s2d-thr-r23,496,policy6_prime,1689600,107416,107416,0
s2d-thr-r23,496,policy6_prime,1958400,254902,254902,0
s2d-thr-r23,496,policy6_prime,2246400,93569,93569,0
s2d-thr-r23,496,policy6_prime,2438400,158787,158787,0
s2d-thr-r23,496,policy6_prime,2649600,168371,168375,4
s2d-thr-r23,496,policy6_prime,2841600,111639,111639,0
s2d-thr-r23,496,policy6_prime,3072000,79636,79636,0
s2d-thr-r23,496,policy6_prime,3283200,1134698,1134712,14
s2d-thr-r23,496,policy6_prime,3513600,42761,42761,0
s2d-thr-r23,496,policy6_prime,3801600,45233,45233,0
s2d-thr-r23,496,policy6_prime,4089600,1947,1947,0
s2d-thr-r23,496,policy6_prime,4204800,988,988,0
s2d-thr-r23,496,policy6_prime,4320000,28557,28557,0
s2d-thr-r24,504,policy0_mid,384000,245744,245744,0
s2d-thr-r24,504,policy0_mid,556800,14795219,14795359,140
s2d-thr-r24,504,policy0_mid,748800,3809464,3809496,32
s2d-thr-r24,504,policy0_mid,960000,2535806,2536242,436
s2d-thr-r24,504,policy0_mid,1152000,1382264,1382361,97
s2d-thr-r24,504,policy0_mid,1363200,1483837,1483903,66
s2d-thr-r24,504,policy0_mid,1555200,714557,714588,31
s2d-thr-r24,504,policy0_mid,1785600,1056235,1056268,33
s2d-thr-r24,504,policy0_mid,1996800,701142,701164,22
s2d-thr-r24,504,policy0_mid,2227200,775829,775855,26
s2d-thr-r24,504,policy0_mid,2400000,2759893,2760209,316
s2d-thr-r24,504,policy0_mid,2745600,477481,477498,17
s2d-thr-r24,504,policy0_mid,2918400,1103922,1104237,315
s2d-thr-r24,504,policy0_mid,3072000,50855,50855,0
s2d-thr-r24,504,policy0_mid,3321600,3149,3149,0
s2d-thr-r24,504,policy0_mid,3532800,34285,34285,0
s2d-thr-r24,504,policy6_prime,1017600,29261668,29263198,1530
s2d-thr-r24,504,policy6_prime,1209600,77894,77894,0
s2d-thr-r24,504,policy6_prime,1401600,361573,361573,0
s2d-thr-r24,504,policy6_prime,1689600,107416,107416,0
s2d-thr-r24,504,policy6_prime,1958400,254903,254903,0
s2d-thr-r24,504,policy6_prime,2246400,93570,93570,0
s2d-thr-r24,504,policy6_prime,2438400,158787,158787,0
s2d-thr-r24,504,policy6_prime,2649600,168375,168375,0
s2d-thr-r24,504,policy6_prime,2841600,111639,111639,0
s2d-thr-r24,504,policy6_prime,3072000,79636,79636,0
s2d-thr-r24,504,policy6_prime,3283200,1134735,1134735,0
s2d-thr-r24,504,policy6_prime,3513600,42761,42761,0
s2d-thr-r24,504,policy6_prime,3801600,45233,45233,0
s2d-thr-r24,504,policy6_prime,4089600,1947,1947,0
s2d-thr-r24,504,policy6_prime,4204800,988,988,0
s2d-thr-r24,504,policy6_prime,4320000,28557,28557,0
s2d-thr-r25,480,policy0_mid,384000,245744,245744,0
s2d-thr-r25,480,policy0_mid,556800,14796235,14796372,137
s2d-thr-r25,480,policy0_mid,748800,3809619,3809673,54
s2d-thr-r25,480,policy0_mid,960000,2536331,2536745,414
s2d-thr-r25,480,policy0_mid,1152000,1382400,1382511,111
s2d-thr-r25,480,policy0_mid,1363200,1483932,1483977,45
s2d-thr-r25,480,policy0_mid,1555200,714601,714623,22
s2d-thr-r25,480,policy0_mid,1785600,1056289,1056320,31
s2d-thr-r25,480,policy0_mid,1996800,701173,701204,31
s2d-thr-r25,480,policy0_mid,2227200,775861,775878,17
s2d-thr-r25,480,policy0_mid,2400000,2760296,2760603,307
s2d-thr-r25,480,policy0_mid,2745600,477514,477852,338
s2d-thr-r25,480,policy0_mid,2918400,1104255,1104280,25
s2d-thr-r25,480,policy0_mid,3072000,50855,50855,0
s2d-thr-r25,480,policy0_mid,3321600,3149,3149,0
s2d-thr-r25,480,policy0_mid,3532800,34285,34285,0
s2d-thr-r25,480,policy6_prime,1017600,29264486,29266018,1532
s2d-thr-r25,480,policy6_prime,1209600,77894,77894,0
s2d-thr-r25,480,policy6_prime,1401600,361573,361573,0
s2d-thr-r25,480,policy6_prime,1689600,107418,107418,0
s2d-thr-r25,480,policy6_prime,1958400,254903,254903,0
s2d-thr-r25,480,policy6_prime,2246400,93570,93570,0
s2d-thr-r25,480,policy6_prime,2438400,158787,158787,0
s2d-thr-r25,480,policy6_prime,2649600,168376,168376,0
s2d-thr-r25,480,policy6_prime,2841600,111642,111642,0
s2d-thr-r25,480,policy6_prime,3072000,79636,79636,0
s2d-thr-r25,480,policy6_prime,3283200,1134767,1134767,0
s2d-thr-r25,480,policy6_prime,3513600,42761,42761,0
s2d-thr-r25,480,policy6_prime,3801600,45233,45233,0
s2d-thr-r25,480,policy6_prime,4089600,1947,1947,0
s2d-thr-r25,480,policy6_prime,4204800,988,988,0
s2d-thr-r25,480,policy6_prime,4320000,28557,28557,0
s2d-thr-r26,512,policy0_mid,384000,245744,245744,0
s2d-thr-r26,512,policy0_mid,556800,14797267,14798121,854
s2d-thr-r26,512,policy0_mid,748800,3809801,3809985,184
s2d-thr-r26,512,policy0_mid,960000,2536831,2537022,191
s2d-thr-r26,512,policy0_mid,1152000,1382546,1382602,56
s2d-thr-r26,512,policy0_mid,1363200,1483999,1484016,17
s2d-thr-r26,512,policy0_mid,1555200,714635,714651,16
s2d-thr-r26,512,policy0_mid,1785600,1056343,1056358,15
s2d-thr-r26,512,policy0_mid,1996800,701231,701242,11
s2d-thr-r26,512,policy0_mid,2227200,775884,775898,14
s2d-thr-r26,512,policy0_mid,2400000,2760690,2760792,102
s2d-thr-r26,512,policy0_mid,2745600,477865,477874,9
s2d-thr-r26,512,policy0_mid,2918400,1104286,1104353,67
s2d-thr-r26,512,policy0_mid,3072000,50855,50855,0
s2d-thr-r26,512,policy0_mid,3321600,3149,3149,0
s2d-thr-r26,512,policy0_mid,3532800,34285,34285,0
s2d-thr-r26,512,policy6_prime,1017600,29267324,29268454,1130
s2d-thr-r26,512,policy6_prime,1209600,77894,77894,0
s2d-thr-r26,512,policy6_prime,1401600,361573,361573,0
s2d-thr-r26,512,policy6_prime,1689600,107418,107418,0
s2d-thr-r26,512,policy6_prime,1958400,254903,254903,0
s2d-thr-r26,512,policy6_prime,2246400,93570,93570,0
s2d-thr-r26,512,policy6_prime,2438400,158789,158789,0
s2d-thr-r26,512,policy6_prime,2649600,168378,168378,0
s2d-thr-r26,512,policy6_prime,2841600,111642,112042,400
s2d-thr-r26,512,policy6_prime,3072000,79638,79638,0
s2d-thr-r26,512,policy6_prime,3283200,1134795,1134802,7
s2d-thr-r26,512,policy6_prime,3513600,42761,42761,0
s2d-thr-r26,512,policy6_prime,3801600,45233,45233,0
s2d-thr-r26,512,policy6_prime,4089600,1947,1947,0
s2d-thr-r26,512,policy6_prime,4204800,988,988,0
s2d-thr-r26,512,policy6_prime,4320000,28557,28557,0
s2d-thr-r27,448,policy0_mid,384000,245744,245744,0
s2d-thr-r27,448,policy0_mid,556800,14799023,14799163,140
s2d-thr-r27,448,policy0_mid,748800,3810123,3810176,53
s2d-thr-r27,448,policy0_mid,960000,2537093,2537523,430
s2d-thr-r27,448,policy0_mid,1152000,1382638,1382729,91
s2d-thr-r27,448,policy0_mid,1363200,1484033,1484075,42
s2d-thr-r27,448,policy0_mid,1555200,714675,714727,52
s2d-thr-r27,448,policy0_mid,1785600,1056373,1056406,33
s2d-thr-r27,448,policy0_mid,1996800,701251,701271,20
s2d-thr-r27,448,policy0_mid,2227200,775907,775926,19
s2d-thr-r27,448,policy0_mid,2400000,2760884,2761185,301
s2d-thr-r27,448,policy0_mid,2745600,477887,478206,319
s2d-thr-r27,448,policy0_mid,2918400,1104358,1104386,28
s2d-thr-r27,448,policy0_mid,3072000,50855,50855,0
s2d-thr-r27,448,policy0_mid,3321600,3149,3149,0
s2d-thr-r27,448,policy0_mid,3532800,34285,34285,0
s2d-thr-r27,448,policy6_prime,1017600,29269752,29271261,1509
s2d-thr-r27,448,policy6_prime,1209600,77894,77894,0
s2d-thr-r27,448,policy6_prime,1401600,361573,361573,0
s2d-thr-r27,448,policy6_prime,1689600,107418,107418,0
s2d-thr-r27,448,policy6_prime,1958400,254903,254905,2
s2d-thr-r27,448,policy6_prime,2246400,93570,93570,0
s2d-thr-r27,448,policy6_prime,2438400,158789,158790,1
s2d-thr-r27,448,policy6_prime,2649600,168378,168378,0
s2d-thr-r27,448,policy6_prime,2841600,112048,112057,9
s2d-thr-r27,448,policy6_prime,3072000,79638,79640,2
s2d-thr-r27,448,policy6_prime,3283200,1134828,1134833,5
s2d-thr-r27,448,policy6_prime,3513600,42761,42761,0
s2d-thr-r27,448,policy6_prime,3801600,45233,45233,0
s2d-thr-r27,448,policy6_prime,4089600,1947,1947,0
s2d-thr-r27,448,policy6_prime,4204800,988,988,0
s2d-thr-r27,448,policy6_prime,4320000,28557,28557,0
s2d-thr-r28,0,policy0_mid,384000,245744,245744,0
s2d-thr-r28,0,policy0_mid,556800,14799548,14800128,580
s2d-thr-r28,0,policy0_mid,748800,3810319,3810697,378
s2d-thr-r28,0,policy0_mid,960000,2537635,2537817,182
s2d-thr-r28,0,policy0_mid,1152000,1382821,1382889,68
s2d-thr-r28,0,policy0_mid,1363200,1484193,1484231,38
s2d-thr-r28,0,policy0_mid,1555200,714788,714832,44
s2d-thr-r28,0,policy0_mid,1785600,1056485,1056507,22
s2d-thr-r28,0,policy0_mid,1996800,701317,701366,49
s2d-thr-r28,0,policy0_mid,2227200,775978,776007,29
s2d-thr-r28,0,policy0_mid,2400000,2761363,2761460,97
s2d-thr-r28,0,policy0_mid,2745600,478228,478244,16
s2d-thr-r28,0,policy0_mid,2918400,1104425,1104459,34
s2d-thr-r28,0,policy0_mid,3072000,50857,50857,0
s2d-thr-r28,0,policy0_mid,3321600,3149,3149,0
s2d-thr-r28,0,policy0_mid,3532800,34285,34285,0
s2d-thr-r28,0,policy6_prime,1017600,29272508,29274008,1500
s2d-thr-r28,0,policy6_prime,1209600,77896,77898,2
s2d-thr-r28,0,policy6_prime,1401600,361576,361576,0
s2d-thr-r28,0,policy6_prime,1689600,107420,107421,1
s2d-thr-r28,0,policy6_prime,1958400,254906,254906,0
s2d-thr-r28,0,policy6_prime,2246400,93574,93575,1
s2d-thr-r28,0,policy6_prime,2438400,158794,158795,1
s2d-thr-r28,0,policy6_prime,2649600,168383,168391,8
s2d-thr-r28,0,policy6_prime,2841600,112060,112060,0
s2d-thr-r28,0,policy6_prime,3072000,79656,79656,0
s2d-thr-r28,0,policy6_prime,3283200,1134871,1134896,25
s2d-thr-r28,0,policy6_prime,3513600,42762,42762,0
s2d-thr-r28,0,policy6_prime,3801600,45233,45233,0
s2d-thr-r28,0,policy6_prime,4089600,1947,1947,0
s2d-thr-r28,0,policy6_prime,4204800,988,988,0
s2d-thr-r28,0,policy6_prime,4320000,28557,28557,0
